churn_prob,churn_pred,cluster_id,predicted_monetary_total
0.5025508372554597,1,1,-0.24520622582271223
0.12375933833356402,0,0,-0.1317909730724658
0.4961521008812716,0,3,-0.1777780051792632
0.12756841477566538,0,0,-0.018658919348283908
0.11449585912767282,0,0,0.06910456330923113
0.5271364846133059,1,2,-0.20665269466006225
0.4853134428819127,0,3,-0.16155588443427324
0.5731070625671364,1,3,-0.23955166373888986
0.07762732954563442,0,0,0.37149287662726893
0.12832552359833124,0,0,0.13853577832315445
0.2523340232084195,0,2,-0.13752950906281927
0.4520646587706783,0,2,-0.21360345435246336
0.3946598772045463,0,3,-0.2201604681559208
0.39170229048418026,0,3,-0.1764363589937563
0.32160546495445314,0,3,-0.1306312951501596
0.3274075879395075,0,3,-0.12260552201848393
0.44141669870255473,0,0,-0.1684685598558403
0.10582763141118244,0,0,-0.11809846577694552
0.7048174591052336,1,1,-0.3864986641843927
0.40697938182577637,0,3,-0.18960780039691869
0.5575789393611605,1,3,-0.22935000958084029
0.2750469896578211,0,2,-0.12403043780091715
0.13046356815587787,0,0,-0.14745392200211394
0.08193816766508809,0,0,0.07523508040331901
0.5564109754492166,1,2,-0.24228478520622648
0.0855841936001599,0,0,0.11997751902843572
0.4044117333130926,0,3,-0.12761356043292268
0.48765739567377253,0,3,-0.22583016670754977
0.5592084848103297,1,1,-0.17763789396645904
0.36137132194487814,0,3,-0.18134364273174478
0.16184500907634966,0,2,-0.08513622496291896
0.14656870316413087,0,0,0.09951755911761531
0.5454223724438225,1,0,-0.1658495997989245
0.5162163438917573,1,3,-0.21311271612175398
0.41874862696420123,0,3,-0.16594866872168473
0.5313571624421543,1,3,-0.2072824038376689
0.1324005305937639,0,0,-0.14906600621396227
0.22643720260597242,0,2,-0.0889344678284554
0.20158652747154018,0,0,0.17356954248110168
0.5881119915994708,1,3,-0.2137130908456356
0.5149106603042608,1,3,-0.2302242118515202
0.5622099963369774,1,3,-0.22988638136254866
0.48765739567377253,0,1,-0.23278756485637647
0.5530641895263072,1,3,-0.19750750728455146
0.5958542164414998,1,2,-0.2269299606112636
0.32160546495445314,0,2,-0.15749051842940667
0.20062038696816487,0,2,-0.08072849215620755
0.3946598772045463,0,3,-0.23156217243181426
0.47093342724066234,0,2,-0.2328164299548382
0.5162163438917573,1,2,-0.22214663714579153
0.1665445948268495,0,0,-0.17642958022771338
0.48765739567377253,0,2,-0.22184093435470337
0.3217317757266162,0,3,-0.13153067513180003
0.09652610301587596,0,0,-0.11956769515621467
0.11642746022793651,0,0,0.14544505077317277
0.6677680098961818,1,1,-0.247417683114086
0.605325295898004,1,3,-0.20933856606377202
0.4871934040064803,0,3,-0.19126387058677302
0.2545266581234447,0,0,-0.021487410880084858
0.21265426848761745,0,0,0.16873642439489747
0.07794999962359793,0,0,0.535751716396299
0.27405288217993884,0,3,-0.06318679056068377
0.2827698359631279,0,2,-0.15620811962414918
0.48765739567377253,0,1,-0.23858532717277744
0.13679144545906638,0,2,-0.10344248201287394
0.1262247259633858,0,0,0.07284063469466916
0.5200098886689186,1,3,-0.20317840143663676
0.6489015497730327,1,3,-0.22267979797544846
0.22802889670137377,0,0,0.6984402952077906
0.5148857619470836,1,3,-0.23181968266659939
0.5833799981132988,1,3,-0.19894456689890455
0.4044117333130926,0,0,-0.13588903387364976
0.1665445948268495,0,0,-0.17618087073103536
0.6730063954596808,1,3,-0.22180420542166868
0.13679144545906638,0,0,-0.09278119491892133
0.5396099026813679,1,3,-0.2413533708907714
0.5148857619470836,1,3,-0.21441517653626974
0.1862985162315595,0,3,-0.2036226062326217
0.21407054709235818,0,3,-0.19581511083990538
0.1564334709831448,0,0,-0.122542713167196
0.08656696688521794,0,0,0.08780250328493011
0.28491228131055624,0,3,-0.1346350223992396
0.12756841477566538,0,0,-0.016816040876977814
0.12699372924001218,0,0,-0.034499893693542255
0.533914720164306,1,3,-0.22768463823464372
0.13046356815587787,0,0,-0.06538335599900065
0.08793254400135572,0,0,-0.011268139788365931
0.12416726957642046,0,0,0.13384672045046822
0.5171952961560853,1,3,-0.21951122691217365
0.2877361045517535,0,3,-0.10314541474128262
0.602079045349941,1,1,-0.24311761738793136
0.1434830641429009,0,3,-0.19726771787975783
0.42939505384585347,0,3,-0.20585324032225386
0.5348901268437487,1,3,-0.23525644759636638
0.1203621354903785,0,0,0.1263361333260055
0.15439077184424807,0,0,-0.0579910166107819
0.08098063833176376,0,0,0.08713992712782753
0.5206295656249696,1,3,-0.24135688994164475
0.08793254400135572,0,0,-0.02784542080282828
0.4137011822094971,0,3,-0.22352136056394664
0.07706487859002767,0,0,1.0444527002345616
0.07794999962359793,0,0,0.3841142636011432
0.19978330664268834,0,3,-0.06584579790897466
0.5142922678381986,1,3,-0.16623403210300458
0.07792455131461248,0,0,0.6413241256404568
0.21812828480981056,0,3,-0.23010760503058275
0.5210616418622029,1,3,-0.20577840800363717
0.15687618246628865,0,0,-0.02334193825243046
0.15687618246628865,0,0,-0.14479286088505602
0.39273730743525614,0,3,-0.08416400566912689
0.13980845205098752,0,2,-0.12392007876291125
0.48808056000905153,0,3,-0.20243713499784594
0.07851836097403006,0,0,0.5487698917816275
0.08597360257585301,0,0,0.21766551255153435
0.08609163894383018,0,0,0.0519342713479726
0.24358882957319944,0,2,-0.06198510798566671
0.4404198270435597,0,3,-0.2099575870501079
0.5786812819664527,1,2,-0.21351108518846496
0.40100498670952417,0,3,-0.11714226956454214
0.3134566707277492,0,3,-0.13189492861252794
0.492947243089073,0,3,-0.20627195301856457
0.09290062137547278,0,0,-0.1384691501098185
0.5641198672851557,1,1,-0.22820508299736475
0.5545681198285318,1,3,-0.2017441672261083
0.3144700077152991,0,3,-0.16162837418227505
0.4668799830621487,0,3,-0.2299746253431357
0.4941503873712429,0,1,-0.045081728581071664
0.3624235187613005,0,3,-0.152283311542858
0.36941018765703154,0,3,-0.11455574390350438
0.14531182044392585,0,0,-0.0671615271514003
0.09397956254765497,0,0,-0.014891349816978754
0.1389896848988398,0,0,-0.16148408025080113
0.5724143528785148,1,3,-0.23604257787530947
0.12833292205546873,0,0,-0.1429623599579963
0.5619206948561675,1,3,-0.20852745256349145
0.4132149316157099,0,3,-0.14683235756642735
0.1840881069172717,0,0,-0.13526569468417676
0.45365070200898805,0,0,0.4704491542296577
0.20369798157969787,0,3,-0.16654644767573656
0.6056268241803848,1,3,-0.22871792943938027
0.40444943669775485,0,3,-0.19710269406714828
0.2580434715506203,0,0,0.12797822277745552
0.13046356815587787,0,0,-0.03888838239982101
0.08793254400135572,0,0,-0.06145623558787698
0.19288455764751214,0,0,-0.03583516022584071
0.5672092107253981,1,2,-0.21273203104316046
0.09152170371019594,0,0,-0.04105390964864772
0.10158164555268784,0,0,3.613608506013424
0.6079737761964398,1,1,-0.2425424215216868
0.573715513226716,1,3,-0.2247688992140535
0.5171952961560853,1,3,-0.22387545204764772
0.15686733699143243,0,0,0.23555798922288004
0.13046356815587787,0,2,-0.15714012386959916
0.6069650128256886,1,3,-0.23872012914427526
0.6811971384565728,1,3,-0.23309609827635516
0.5724120827486562,1,2,-0.21814068104398576
0.08532858640781966,0,0,3.0803747393286924
0.08142822961463972,0,0,0.09129971529219415
0.4934276077309372,0,3,-0.1971956668974203
0.6150678914486896,1,1,-0.25401243336933876
0.5352492678293084,1,2,-0.22702253418751517
0.18915117348599358,0,3,-0.18189100159326735
0.566877026423758,1,3,-0.24023177592965783
0.08188011681566407,0,0,0.1161462085099802
0.1324005305937639,0,0,-0.02418483643238611
0.5149106603042608,1,3,-0.22311666620704818
0.5958542164414998,1,3,-0.21782405976257735
0.44350272200915936,0,2,-0.1986693082551459
0.15511399501416756,0,0,-0.043985711514299995
0.4945322842246356,0,3,-0.20485941804384697
0.3636871408263288,0,3,-0.08354453939744244
0.08890176994747877,0,0,-0.03696502139940059
0.40973227409268614,0,2,-0.2256664676865145
0.08337328299330984,0,0,0.3792483022906412
0.27032970418530994,0,3,-0.12865984335418015
0.5103801135158964,1,3,-0.19861567070595348
0.3560444724972733,0,3,-0.1932546216990172
0.12910543454487644,0,0,-0.005825445965759532
0.13755683492664939,0,0,-0.07492461063802047
0.38875442021920276,0,3,-0.16465044333260775
0.4453605187541281,0,3,-0.17763903149913418
0.16861645923596863,0,0,-0.17138211609022327
0.13457345038643273,0,0,-0.13734623609012275
0.5286155443375474,1,1,-0.2336615936702464
0.16271824167276128,0,0,-0.17181205179698572
0.1423093565197532,0,0,0.13292333344458548
0.5984644210298324,1,2,-0.22291077995701467
0.5025508372554597,1,3,-0.23866503636473044
0.36793749553504884,0,3,-0.1156596626084237
0.5817236575337925,1,3,-0.2079754128477973
0.21397935335277835,0,0,0.19760240305629956
0.1447415488663421,0,0,-0.16777820938465396
0.46690111711250365,0,3,-0.18786793441952498
0.07794999962359793,0,0,0.7766438418264479
0.07939285280780946,0,0,0.5211044611848179
0.12699372924001218,0,0,-0.16060482091855835
0.08098063833176376,0,0,0.1956227661254829
0.4667682340408203,0,3,-0.1872813681209447
0.07939285280780946,0,0,0.2813543444132489
0.08098063833176376,0,0,0.2255777441923481
0.4708521639915051,0,3,-0.05784815788738018
0.4945322842246356,0,3,-0.20632105409169252
0.5059996736297234,1,3,-0.12247189572673144
0.33305984219903745,0,3,-0.07457834015338492
0.09293077088946686,0,0,-0.07667282729019728
0.18588460004091326,0,0,-0.167131673298167
0.08233223425569718,0,0,0.09162314032289637
0.07851836097403006,0,0,0.23468126103142026
0.11642746022793651,0,0,0.14543725581937955
0.4918939548146535,0,3,-0.2022166717268614
0.07849274290814177,0,0,0.26603133682493646
0.08150030024143567,0,0,0.7898780333428956
0.11891499316770648,0,0,0.05350735520625129
0.09397956254765497,0,0,-0.11141501697297426
0.40892725627619775,0,3,-0.19980744140983106
0.12417446244638766,0,0,-0.09398903908117556
0.42939505384585347,0,3,-0.20339374666808432
0.3830287560590927,0,2,-0.08266412837671389
0.4899280934125521,0,3,-0.20767192732033568
0.5321551345640514,1,3,-0.22430799477605629
0.4680278577748891,0,3,-0.1761188900145996
0.2348765818642539,0,0,0.32040717123027307
0.4978047192621646,0,3,-0.2197002703678526
0.48239992394338427,0,3,-0.17787932713329407
0.5200098886689186,1,3,-0.20401993071812285
0.13157683296456374,0,0,0.21771941302663714
0.08142822961463972,0,0,0.0567037989028522
0.48765739567377253,0,3,-0.22421432528686616
0.3955226759029984,0,3,-0.02212159935620752
0.13049353391419394,0,0,-0.06649473106623072
0.492612379469726,0,3,-0.19405343762101934
0.3067822883392319,0,3,-0.13957781530304783
0.08142822961463972,0,0,0.09516621101355591
0.2190347779102772,0,0,0.2137922086193756
0.2465541060792358,0,2,-0.21680701588197715
0.1541050939482002,0,0,0.09323461992583447
0.40444943669775485,0,3,-0.19065587420575233
0.13679144545906638,0,0,-0.10265645328988811
0.4044117333130926,0,3,-0.1653481664020881
0.4680278577748891,0,2,-0.1792948342842962
0.07794999962359793,0,0,0.439441275360363
0.5991669211914593,1,2,-0.22738172079800265
0.44106154747112547,0,3,-0.1925226980020884
0.6046901284975589,1,3,-0.2298712287557664
0.3772520924250972,0,3,-0.19418985602184918
0.5171952961560853,1,3,-0.2135087077228583
0.15439077184424807,0,0,-0.15972895773282228
0.26401852108693746,0,3,-0.08736912441921746
0.21607209489972737,0,3,-0.20688282158629953
0.5162163438917573,1,3,-0.22345255582642334
0.07794999962359793,0,0,0.9290740488105598
0.4178901558624005,0,3,-0.15814166601959795
0.13046356815587787,0,0,-0.08622604951608329
0.5076094182216269,1,3,-0.2122048637511332
0.10675839000125187,0,0,-0.07076307821331028
0.3992383684359441,0,3,-0.162213574118848
0.3914348419929718,0,3,-0.1537073818529487
0.27509417011361953,0,0,0.08241981601898025
0.2528591183503316,0,3,-0.1978539115965855
0.5042474106246384,1,3,-0.21837978395169014
0.48765739567377253,0,2,-0.23030720769706567
0.6504776772456693,1,1,-0.2349857590085233
0.08098063833176376,0,0,0.059094100291530775
0.365864509888795,0,2,-0.16377426428324857
0.4660173910868306,0,3,-0.19448172328987579
0.3824077900329782,0,2,-0.22625584214874805
0.29416121742381857,0,2,0.13327173287636637
0.27509417011361953,0,0,-0.0028570941683438854
0.6043775132643346,1,3,-0.22399404523455388
0.5954902669906372,1,1,-0.26884773821162533
0.4457443369211635,0,3,-0.17118756889327066
0.48230257633557294,0,3,-0.20490464677170664
0.1946425988399665,0,0,-0.02340299864133458
0.569144664441647,1,3,-0.22996964635176664
0.14965916939961565,0,0,-0.006751611125935466
0.21077612046561636,0,0,0.1830480450116049
0.5625712940109804,1,3,-0.21595946307033528
0.5734876465615588,1,2,-0.23122414160688304
0.4978047192621646,0,3,-0.22940675051495138
0.3951644764887296,0,0,0.20896222981927906
0.12833292205546873,0,2,-0.1379243424819436
0.13679144545906638,0,0,-0.12214862886949873
0.6405165396041438,1,1,-0.254631403116759
0.560318839047126,1,3,-0.2174277123802369
0.6135020226771812,1,3,-0.22418674138645925
0.5158897768938581,1,3,-0.22301776582363675
0.2735905308136959,0,3,-0.09613677324481319
0.5171952961560853,1,2,-0.21649328907953247
0.1665445948268495,0,0,-0.16630879397389098
0.13314514112040662,0,0,-0.11348079043628986
0.5631746350424359,1,3,-0.22956988082912358
0.13046356815587787,0,2,-0.08828561047006314
0.08707065504214169,0,0,0.19729237485060241
0.08707065504214169,0,0,0.12451519799363922
0.08890176994747877,0,0,-0.02912605315431666
0.30256305448122706,0,3,-0.1609347159854024
0.47129466431026223,0,3,-0.17743732946898574
0.379745773555699,0,3,-0.20567945192450168
0.1840881069172717,0,0,-0.08240189573794966
0.18792394952961017,0,3,-0.20654126260886674
0.29652304474753494,0,0,-0.018514929441387922
0.14624110262239623,0,2,-0.16969499907019767
0.36799252178399583,0,3,-0.08195032844857669
0.07851836097403006,0,0,1.7674857979200547
0.19978330664268834,0,3,-0.08205770936740488
0.215673728477204,0,2,-0.20003371974515027
0.6480078997215011,1,3,-0.2254413242674156
0.5200098886689186,1,3,-0.20586428837058462
0.466569788456076,0,2,-0.2238025314986318
0.5568157432685854,1,3,-0.20606553376295733
0.4978047192621646,0,3,-0.23394020413516226
0.5132851668757921,1,3,-0.2301820417336589
0.2904757098138234,0,3,-0.11766613366949687
0.4493595188138439,0,3,-0.21565938015565198
0.5622099963369774,1,2,-0.23264296295582718
0.2703763772479054,0,3,-0.08704619335149934
0.20062038696816487,0,0,-0.07151955482637086
0.40973227409268614,0,3,-0.2267953902935924
0.6034792521877548,1,3,-0.21886781772083183
0.11484824634475367,0,0,0.5465042631284242
0.5162163438917573,1,3,-0.22988558971933037
0.18948988167141678,0,3,-0.21210372025003504
0.08497795380759207,0,0,0.0959140038272821
0.2083204457447314,0,3,-0.2131424804625062
0.07881870282090608,0,0,0.23243826975009038
0.18948988167141678,0,3,-0.22276253302915971
0.13046356815587787,0,2,-0.1646490281302503
0.07792455131461248,0,0,0.216643591505675
0.08188011681566407,0,2,0.11258807450892235
0.4945322842246356,0,3,-0.16675604886310097
0.5787235173326554,1,3,-0.22049098787006016
0.5162163438917573,1,3,-0.21024968249161358
0.2827698359631279,0,3,-0.15248825258735343
0.5209559042646262,1,1,-0.24250847038909903
0.16438929318910692,0,0,-0.009296902357329556
0.34130594659716873,0,3,-0.04022320773938236
0.2750469896578211,0,3,-0.1436981365268473
0.33323115993314567,0,1,-0.02472156228526043
0.3125860914482031,0,3,-0.1644273969462568
0.08841705259661509,0,0,-0.032850818903370216
0.5209559042646262,1,3,-0.24066321104595584
0.4660173910868306,0,3,-0.20596601062271205
0.19880655678383974,0,0,-0.05213677169702711
0.40444943669775485,0,2,-0.19178434895785812
0.0789535120940879,0,0,0.417407528099609
0.533914720164306,1,3,-0.208681040251585
0.18333712207174935,0,2,-0.020419761455681803
0.5631746350424359,1,3,-0.2123679656056456
0.08609163894383018,0,0,0.0664409562093169
0.5129410741631356,1,1,-0.24378351606291027
0.28491228131055624,0,3,-0.12681356428601165
0.12624606713815714,0,2,-0.05812974225559949
0.07983243051555643,0,0,0.32472662445981504
0.37503132929222927,0,3,-0.14378663488684942
0.11269412858496007,0,0,-0.11462890450593777
0.07851836097403006,0,0,0.6856924191658186
0.1203621354903785,0,0,0.18011630672476575
0.08039600861996439,0,0,0.1886951070256233
0.4945322842246356,0,3,-0.1926700842236874
0.13679144545906638,0,0,-0.034918051066329066
0.13679144545906638,0,0,-0.10324348451979105
0.08288040724875607,0,0,0.40892202765428265
0.12910543454487644,0,0,-0.04690126262188703
0.13663718539597988,0,0,-0.14516140663949123
0.27509417011361953,0,3,-0.06575567871640481
0.4953986899678746,0,3,-0.22123808444925802
0.5001447142952394,1,3,-0.2406892918835638
0.1579818257889864,0,3,-0.1585811625807528
0.6019498734709419,1,3,-0.23009737455077417
0.47156671181607474,0,2,-0.2263130623873794
0.0869447598309091,0,0,-0.015914662488607133
0.7037193327701484,1,1,-0.25152361689637565
0.11810142564793603,0,0,0.17642620811026968
0.13532837511798718,0,0,-0.10654898967972294
0.13958478212516975,0,0,-0.1638335674389541
0.5158648815403852,1,3,-0.23283159336245668
0.09293077088946686,0,0,-0.0399328202157748
0.17963766455082225,0,3,-0.20199523564505154
0.08039600861996439,0,0,0.14194658797879878
0.7310347515025845,1,1,-0.2551923048852234
0.40973227409268614,0,3,-0.20752724495837974
0.49012284979814763,0,3,-0.19343911896535193
0.5986125042566465,1,1,-0.20410811970069617
0.2740058128078158,0,3,-0.10451244931567226
0.5373883409497271,1,3,-0.20630966657367636
0.08397758597553565,0,0,0.6459755921354987
0.45157513120908643,0,3,-0.05157235324386708
0.11113776143524669,0,0,0.8604436038754913
0.26018021154507986,0,2,-0.16529869220577598
0.5162163438917573,1,1,-0.22576306345292163
0.1872212158466077,0,3,-0.20166199275312174
0.5162163438917573,1,3,-0.2320611638022274
0.4403891728268828,0,3,-0.17736286159457051
0.2827979984765032,0,3,-0.06808365990464045
0.20062038696816487,0,2,-0.050314187041676256
0.5018948947463158,1,2,-0.23329404816437374
0.564619560490202,1,3,-0.22327415936522998
0.5924265336293317,1,3,-0.23894467860960078
0.13755683492664939,0,2,-0.11623817520519171
0.3759879732912311,0,3,-0.09689564565708646
0.09850109140642677,0,0,0.3412258603238039
0.5416373564138769,1,3,-0.2058433982470535
0.08707065504214169,0,0,0.07073193270069508
0.08231552023840115,0,0,0.09838736616095753
0.40839836706109356,0,3,-0.16393613545122337
0.48106983095290373,0,3,-0.20360079092079336
0.42939505384585347,0,3,-0.20119798653091078
0.08793254400135572,0,0,-0.0728214135515309
0.16531150205532327,0,2,-0.19326082617700333
0.12910543454487644,0,0,-0.10068311189796772
0.30302183563260493,0,0,-0.16034496061211942
0.5171952961560853,1,3,-0.23528101247429054
0.5673611071273674,1,1,-0.2505348028239901
0.5089053780510372,1,3,-0.17626979390149702
0.11963475253986708,0,0,0.18416034324157404
0.4345320992930815,0,3,-0.1701518999994252
0.22337876109329233,0,3,-0.21505346625534918
0.20062038696816487,0,0,-0.061963969401229585
0.6006726843801743,1,3,-0.22958287559574683
0.1840881069172717,0,0,-0.10045371989674441
0.3738068249122321,0,3,-0.1356403636203945
0.5148857619470836,1,3,-0.22010128932338982
0.13457345038643273,0,2,-0.10521017676027355
0.07794999962359793,0,2,0.32205413826605583
0.3772520924250972,0,2,-0.19010752658422425
0.529238830632175,1,1,-0.15140027343544465
0.3636323879547056,0,3,-0.15713681723067022
0.4940669674492401,0,3,-0.2264642494399461
0.202256560903613,0,3,-0.16574791313865236
0.2924460881487187,0,2,-0.1361768189017602
0.2526744469061694,0,2,-0.1316130224313332
0.3033209634958001,0,2,-0.07113207349578055
0.4401996170854058,0,3,-0.22038654185627193
0.1305992196531672,0,0,-0.1458019881659568
0.4031908469963611,0,3,-0.20146903326143822
0.690062669822567,1,1,-0.2485801173783588
0.3560444724972733,0,3,-0.201079391292203
0.5881726229678405,1,1,-0.22833033016008802
0.5162163438917573,1,3,-0.2284816686080686
0.13046356815587787,0,0,-0.1331614853317988
0.5997205084682194,1,3,-0.23226953013790927
0.527717740916381,1,3,-0.1905545452646001
0.1203621354903785,0,0,0.13000211449580173
0.08150030024143567,0,0,5.287388115245702
0.478845435646113,0,2,-0.16495649557881317
0.5622099963369774,1,3,-0.222104070781298
0.18385529893712474,0,3,-0.21732377847619044
0.48239992394338427,0,3,-0.19062049427489403
0.4692763159768086,0,3,-0.220294166785128
0.464831810160156,0,3,-0.18305122373591748
0.11269412858496007,0,0,-0.0852950583393983
0.544002564282123,1,3,-0.21022217572300173
0.07794999962359793,0,0,1.9753745134503413
0.5440982199082613,1,3,-0.19940105986948756
0.09661491305178918,0,0,0.3380966824080213
0.21048740267400898,0,3,-0.20143411121156862
0.13755683492664939,0,2,-0.14220863885463808
0.19263310232621156,0,3,-0.18919477341558952
0.07794999962359793,0,0,0.5855912812318842
0.533914720164306,1,3,-0.22769907715699997
0.6945916142881962,1,3,-0.2522702313876312
0.4084685202199114,0,3,-0.21531918969219074
0.10012256580513383,0,0,0.1214657878833008
0.6584954138695115,1,3,-0.21502159084330386
0.20854518910060837,0,2,-0.13408847950931302
0.6423304848738783,1,2,-0.2298491921320535
0.15718771056683925,0,0,-0.12576772193268612
0.0869447598309091,0,0,-0.027072526383108045
0.0865949725409151,0,0,0.1068741074051092
0.5573964745846959,1,3,-0.18857627460648058
0.12021593785614827,0,0,-0.07018636293983854
0.1579818257889864,0,3,-0.08715410599265264
0.20736151991450194,0,3,-0.20456557630021488
0.08098063833176376,0,0,0.09836500489341224
0.40973227409268614,0,3,-0.20836969759919238
0.1519540511439528,0,0,-0.055958391334761756
0.40973227409268614,0,3,-0.21254936302342015
0.5219341477402774,1,3,-0.2409323426159659
0.593659077109362,1,1,-0.21658435731821116
0.21740438678462962,0,0,-0.02298879008564497
0.25917519261269995,0,3,-0.13740068507983208
0.5528792862042676,1,1,-0.2037433330678043
0.5149106603042608,1,3,-0.21895722742845017
0.47373279769289145,0,3,-0.19744641664734938
0.08337328299330984,0,0,3.222101990781491
0.5631746350424359,1,3,-0.21074187970092226
0.12549220192018698,0,0,-0.02397204802583214
0.5148857619470836,1,3,-0.20908855197530887
0.08006409260399674,0,0,0.05847667477701202
0.5292808981817022,1,3,-0.20304708388114778
0.5162163438917573,1,3,-0.20882528408122142
0.45950856204626433,0,3,-0.1975201229668987
0.4432149058910954,0,3,-0.2187789353393437
0.5502246515952811,1,2,-0.21745374854631583
0.47518772563779127,0,3,-0.2225835354936515
0.6128845441170955,1,3,-0.213845727559613
0.5209559042646262,1,1,-0.2401827928217544
0.46690111711250365,0,3,-0.19305398473537508
0.13679144545906638,0,0,-0.1596540872124782
0.2083204457447314,0,3,-0.2032248801865581
0.1459843121637681,0,0,-0.167618178753553
0.19134005800850806,0,2,-0.1741735528569447
0.5162163438917573,1,1,-0.22503702018254934
0.13046356815587787,0,0,-0.1504482477771244
0.44106154747112547,0,3,-0.20186499255099868
0.5622099963369774,1,3,-0.2321388706179605
0.48765739567377253,0,2,-0.21679968329759802
0.28114651430785725,0,2,-0.10971422904530409
0.5602212624353181,1,3,-0.20903408822186656
0.4691695307762589,0,3,-0.1993518204719495
0.16142948216464376,0,0,-0.20063583993260972
0.5335644977268267,1,3,-0.20899009734891527
0.613938605731482,1,1,-0.21980011447618156
0.40973227409268614,0,2,-0.21898878308841568
0.1324005305937639,0,0,-0.023857942996302475
0.5158897768938581,1,3,-0.23560378979542285
0.39424966858042076,0,2,-0.01069774394239318
0.20854518910060837,0,3,-0.13141588687568811
0.6026326269068172,1,3,-0.22101676763291814
0.20468157845959523,0,3,-0.14238087655849962
0.39496014984155514,0,3,-0.06146415189388275
0.12624606713815714,0,2,-0.09539545116154693
0.44350272200915936,0,3,-0.17548368319159033
0.6825672996295739,1,1,-0.24223973681429847
0.36896265467240374,0,3,-0.1651945021051861
0.6046901284975589,1,1,-0.2259205155540052
0.5622099963369774,1,3,-0.22844271871105934
0.5154844299690474,1,2,-0.21868900868887123
0.5401689460200917,1,3,-0.19502741739833807
0.11901881167467039,0,0,-0.023987052659377502
0.34626922019903245,0,2,-0.1791394798812893
0.21393956108430373,0,2,-0.159625844974151
0.13679144545906638,0,0,-0.023068013565648086
0.1936997294234081,0,0,-0.06414728366866092
0.2382916274197031,0,0,-0.037073060497548826
0.46617827358275093,0,3,-0.22415796137306676
0.07706487859002767,0,0,14.5279370463282
0.5407534465027461,1,3,-0.17729800810324037
0.15687618246628865,0,0,-0.0627083385511329
0.5131403764016695,1,3,-0.2169146164764265
0.17621696230750955,0,0,-0.16307789005582748
0.3793909337491839,0,3,-0.13208272178258362
0.12833292205546873,0,0,-0.035075719990367876
0.15687618246628865,0,2,-0.04495372197794218
0.32519088697076587,0,3,-0.20239063238451518
0.28748387296914435,0,2,0.22010326604485173
0.08655798567707605,0,0,0.09230256889803533
0.20501012361826318,0,3,-0.20173039814678786
0.36396744750355203,0,3,-0.17100679191662999
0.08337328299330984,0,0,1.3189935417252123
0.11284930645438483,0,0,-0.024424088637853864
0.5682945385213314,1,3,-0.2032435546953444
0.13679144545906638,0,0,-0.045155557307866856
0.6211071553858891,1,3,-0.210621783661856
0.07881870282090608,0,0,1.888428690982542
0.19134005800850806,0,0,-0.17418177119226194
0.16531150205532327,0,0,-0.16341927780301801
0.4397731567904236,0,3,-0.19783434519498802
0.4256839934476143,0,3,-0.15663624321064165
0.5624597170923475,1,3,-0.2194120755592266
0.5061408625959027,1,3,-0.21803745518813217
0.6717970172573584,1,2,-0.22931373786371487
0.4526607686297721,0,3,-0.1898012414055528
0.43565503382177245,0,2,-0.0368078455550457
0.07792455131461248,0,0,0.2404846592749946
0.09615751462830573,0,0,-0.03195801471709406
0.466569788456076,0,2,-0.22812019925387517
0.5171952961560853,1,3,-0.22779608197660312
0.5871620532937086,1,3,-0.2098809625880623
0.27403238598240426,0,0,0.25721128698803425
0.15064546204834187,0,2,0.13749464288632937
0.21359114704432214,0,3,-0.2049918122019724
0.07832265864383506,0,0,0.3994594028715873
0.6056268241803848,1,3,-0.2323428215281054
0.39424966858042076,0,3,-0.01959711267304629
0.27136213361547523,0,2,-0.11960953074945664
0.07794999962359793,0,0,1.1676197039970166
0.5287993436081141,1,2,-0.2185957025222578
0.5756797768398024,1,3,-0.21205011485530037
0.0865949725409151,0,0,0.1716173187787073
0.5113563605756435,1,3,-0.1955032653234774
0.4931017071435952,0,1,-0.2017604887993317
0.2703763772479054,0,3,-0.016488028703710522
0.40973227409268614,0,2,-0.2198995005408172
0.1234657163764903,0,0,0.06732068871023826
0.19087694496730803,0,3,-0.20193610384328356
0.5622099963369774,1,2,-0.22358439784872214
0.24683813957463477,0,0,-0.11141430176237668
0.07794999962359793,0,0,2.153512096511835
0.566342356744688,1,1,-0.24068180579247905
0.13755683492664939,0,0,-0.03969407589438564
0.5622099963369774,1,3,-0.21657616720450384
0.48765739567377253,0,3,-0.22973472738652972
0.4605909344833951,0,3,-0.05791005402879968
0.08444021984241001,0,0,0.2849483754585053
0.45178804817977386,0,3,-0.1821018179650182
0.08233223425569718,0,0,0.0787191541471481
0.4265061981473403,0,3,-0.20999153129624232
0.13754933302287595,0,0,-0.05993748466508377
0.5945369863767989,1,3,-0.22984822622401044
0.41243374026724156,0,3,-0.22394139328613608
0.3137105199911984,0,2,-0.13700090360682865
0.4501862845965426,0,3,-0.03424277230128137
0.08233223425569718,0,2,0.19438248096719157
0.5772743163398746,1,3,-0.23343533691253865
0.07794999962359793,0,0,1.3204439399926946
0.2528591183503316,0,3,-0.16977356167232752
0.07881870282090608,0,0,0.8062925927717317
0.4668799830621487,0,3,-0.2213070770391641
0.13980845205098752,0,0,-0.06154025334999251
0.4873306962119363,0,3,-0.23477716046600905
0.07881870282090608,0,0,0.3626902682153708
0.4866353761431344,0,3,-0.16518939360424345
0.21397935335277835,0,0,0.17140748690755456
0.14709864596509842,0,0,-0.17650866847219443
0.48765739567377253,0,1,-0.23168203847346852
0.2904757098138234,0,0,-0.10537729987231861
0.25204051966339014,0,1,-0.20893255939726305
0.4072243760183834,0,3,-0.10291145364907611
0.5622099963369774,1,3,-0.2323422223979909
0.4859997732051347,0,3,-0.230457079444216
0.07939285280780946,0,0,0.2883248879991685
0.5945369863767989,1,1,-0.23105113044251713
0.634206161450019,1,3,-0.20933945520890007
0.5027305830685352,1,3,-0.2000998561946657
0.14582316129261963,0,0,-0.1791427259395144
0.4873057917612267,0,3,-0.21205839550937824
0.32160546495445314,0,3,-0.11881590391058036
0.1262247259633858,0,0,0.06878655836580594
0.5881119915994708,1,3,-0.23120399242844747
0.4559768151776751,0,3,-0.21663429210236868
0.1389896848988398,0,0,-0.1597227457201376
0.2069490919147778,0,2,-0.21132957108858716
0.07794999962359793,0,0,1.369504116020537
0.47388416556238794,0,3,-0.22306238352146157
0.7134739093200612,1,3,-0.2505901422267007
0.3145827977661148,0,3,-0.09709371576503033
0.2714089186268842,0,0,-0.06916541259374308
0.40444943669775485,0,2,-0.20970396454964998
0.544002564282123,1,3,-0.22173253214272187
0.09765230920227128,0,0,-0.05361642969147366
0.6847207401568028,1,1,-0.23870096992839637
0.1519540511439528,0,0,-0.12832130826999846
0.585894244643042,1,3,-0.20738533668074194
0.5412212687045558,1,3,-0.19582675787009665
0.36886943988402815,0,3,-0.15844996167160008
0.07881870282090608,0,0,0.41432299105174997
0.4332479976827027,0,3,-0.17818887374556425
0.07881870282090608,0,0,0.7220593120918203
0.602079045349941,1,1,-0.24510744804475304
0.5622099963369774,1,3,-0.22688399477889107
0.4516736806327133,0,3,-0.21111589774322073
0.3893293915693688,0,3,-0.12494808446324795
0.6575542040156324,1,3,-0.20889305873577318
0.5321551345640514,1,2,-0.21598824444167294
0.11301994057159143,0,0,0.2644457452433729
0.15687618246628865,0,0,-0.10169182787312062
0.411947932676381,0,3,-0.1469624948636311
0.12968825659864003,0,0,-0.056015984476064956
0.14130062969531637,0,0,-0.16165449651716354
0.34424270241482724,0,2,-0.20155307624132912
0.5608983114201884,1,3,-0.2241178938132628
0.41395267792708856,0,3,-0.21857605433167593
0.5352492678293084,1,3,-0.22295930913792872
0.14663050168843675,0,2,-0.1674755280650434
0.5407534465027461,1,3,-0.19583084318518232
0.15439077184424807,0,0,-0.15879156438861577
0.07794999962359793,0,0,0.6444721881774271
0.23509307433378954,0,3,-0.20997411012345552
0.1744015120091622,0,2,-0.17643037664978983
0.4234620870148444,0,3,-0.049701162895639375
0.08006409260399674,0,0,0.08342190927759469
0.2904184699330843,0,1,-0.08560780518157139
0.1665445948268495,0,0,-0.1793190672784459
0.28491228131055624,0,3,-0.11035077890726103
0.36137132194487814,0,2,-0.17498509319463934
0.2762476888777795,0,0,-0.1293046333738688
0.2735905308136959,0,0,-0.13019755052191342
0.2304469528438421,0,3,-0.1475332139632758
0.1168546882918205,0,0,0.21723526308447494
0.08233223425569718,0,0,0.09153683060688665
0.15687618246628865,0,0,-0.13012193429055155
0.10012256580513383,0,0,0.06579272812809189
0.5254213209229487,1,3,-0.20321575016609444
0.3295958110650841,0,1,0.38559980334029104
0.13092523400354747,0,0,0.14756526182820473
0.6455965609122262,1,3,-0.23578835513542568
0.19809400264201996,0,3,-0.21313121347534458
0.2163829820193799,0,2,-0.03471943524215442
0.12164113995816872,0,0,0.12415568502479644
0.45582095698428005,0,3,-0.062036607675334796
0.5765772121865731,1,3,-0.23014196703312909
0.41790714888463765,0,2,-0.17461879489008084
0.20554982498221053,0,0,-0.1662338695794738
0.5502213598698469,1,3,-0.23356699987129434
0.13755683492664939,0,0,-0.06362874646145406
0.2107724193768082,0,2,-0.20954108848030806
0.4978047192621646,0,3,-0.20998581489287058
0.5772743163398746,1,3,-0.2206647025127583
0.7178219196346108,1,3,-0.24194043473060936
0.4950214897756761,0,3,-0.20047218799611996
0.41899757823843314,0,3,-0.1678667712358672
0.19978330664268834,0,0,0.12701825007631984
0.47373279769289145,0,3,-0.20418664266009795
0.4945322842246356,0,3,-0.17736833369198787
0.5622099963369774,1,3,-0.2131591171986033
0.3894431574270463,0,3,-0.20446859692056776
0.5407534465027461,1,3,-0.2034695189285353
0.26552292352487067,0,3,-0.21500771362188104
0.5596103415358695,1,3,-0.20834861554672063
0.08006409260399674,0,0,0.1083753389928417
0.15687618246628865,0,2,-0.1628617400396123
0.0939494142900294,0,0,-0.05216979214318106
0.19978330664268834,0,3,-0.052914514806019414
0.15687618246628865,0,0,-0.1422233118208973
0.18080000844570365,0,0,-0.016889228731404755
0.13378800222133744,0,0,-0.07039980246621769
0.0789535120940879,0,0,0.4656557737782269
0.5622099963369774,1,3,-0.2296786068570399
0.4953986899678746,0,3,-0.22564975497142536
0.08142822961463972,0,0,0.08830761886099849
0.07794999962359793,0,0,1.3930910327981803
0.6046901284975589,1,2,-0.23861314435984707
0.4153731317381349,0,3,-0.1472294723017707
0.08233223425569718,0,2,0.09300400466601783
0.11502143950133986,0,0,0.05841970140933639
0.3145827977661148,0,3,-0.11930640736713999
0.5171952961560853,1,3,-0.20944249864175674
0.44215217909202204,0,1,-0.20702511501387766
0.61015195645746,1,1,-0.24545188686367822
0.4072243760183834,0,2,-0.15773097453005266
0.5407534465027461,1,3,-0.2041515228012644
0.5158648815403852,1,3,-0.23606881402042496
0.5219341477402774,1,3,-0.2408577186153633
0.5407534465027461,1,3,-0.20571593385483294
0.32160546495445314,0,0,-0.15209385015037283
0.4502887374833693,0,3,-0.2016057470570255
0.4873306962119363,0,3,-0.23801618817668685
0.15439077184424807,0,0,-0.09897065295157847
0.09037000628731956,0,0,-0.042328804270438336
0.569197175951415,1,3,-0.23308656812520426
0.4692763159768086,0,3,-0.23789254863191156
0.4280890034954917,0,3,-0.1706540864421162
0.5936738735286775,1,3,-0.22927146127678125
0.3067822883392319,0,0,-0.15046747607587965
0.13679144545906638,0,0,-0.0914944106045882
0.15753385051764965,0,0,-0.1665167199500139
0.12624606713815714,0,0,-0.06032337310548437
0.3099031083793389,0,3,-0.15034601913987208
0.11485430606721408,0,3,-0.13671416279519677
0.2750736255479348,0,0,-0.02536749590911465
0.44350272200915936,0,3,-0.17724179821490899
0.33202561178467416,0,2,-0.1495743080088703
0.13314514112040662,0,0,-0.05035619621953539
0.6040127258577538,1,1,-0.24552360707605472
0.23162453432738073,0,0,0.11599038663748101
0.07851836097403006,0,0,0.8660678365990848
0.4802152723524028,0,3,-0.1974128711267672
0.11767024676185828,0,0,0.14723891959313487
0.2967382233754146,0,3,-0.1758966905922129
0.08095428747973175,0,0,0.09624230130156318
0.17611767245305324,0,3,-0.1946175379858478
0.10310435010159011,0,0,-0.04611312431696435
0.3893293915693688,0,0,-0.14035674625656716
0.07794999962359793,0,0,0.7447015614618578
0.20975608109261812,0,3,-0.2196068255808283
0.5975220189870369,1,3,-0.21959561001406303
0.15687618246628865,0,0,-0.1151943493014145
0.08050706178686687,0,2,0.06833640572487673
0.15687618246628865,0,0,-0.16529069888634038
0.512274442488581,1,2,-0.2032415229160379
0.11301994057159143,0,0,0.2600620810472257
0.596264149178974,1,3,-0.23600326112253542
0.3998781731391583,0,3,-0.055707166609205945
0.27236776265240875,0,3,-0.17566730103267705
0.37503132929222927,0,3,-0.1286628227073226
0.2163808812977828,0,0,0.058244934926020626
0.48923561158667633,0,3,-0.22963292001972035
0.6193138352471028,1,1,-0.2643979959079982
0.5001447142952394,1,3,-0.23892817388515222
0.13046356815587787,0,2,-0.0631729686015293
0.13754933302287595,0,0,-0.1024298851371332
0.3738068249122321,0,3,-0.13498229251472976
0.2426396003347398,0,2,-0.09717781431791446
0.27509417011361953,0,0,0.09898980195168385
0.40973227409268614,0,2,-0.22696992787329845
0.09964299833057892,0,0,4.187541210044664
0.48577022723085617,0,3,-0.16987860904883387
0.07881870282090608,0,0,0.285450592818324
0.5149106603042608,1,3,-0.2175364222287471
0.47373279769289145,0,3,-0.1960278043094285
0.3893293915693688,0,3,-0.14537196249423645
0.5858700593891867,1,3,-0.23166793041500508
0.48697660945047566,0,3,-0.1968198124296415
0.4849499925096273,0,2,-0.1564086114322989
0.5577208735389712,1,3,-0.04828220722008838
0.6583425630485,1,3,-0.21589585680260548
0.5473883168256773,1,1,-0.24322285306638292
0.5659843535069373,1,3,-0.2010823793228834
0.639552901967662,1,1,-0.35632555991830955
0.18948988167141678,0,3,-0.20665401299389824
0.5644190343587201,1,3,-0.22243265045164778
0.5250560530785569,1,1,-0.24067244158464482
0.6119060763595586,1,3,-0.2384176414924804
0.07792455131461248,0,0,0.8812563143867762
0.5149106603042608,1,3,-0.22222790294681694
0.5195760197126563,1,3,-0.22563912095173363
0.4191953022304107,0,3,-0.1775479145670072
0.4072243760183834,0,2,-0.13039900190906198
0.37503132929222927,0,3,-0.14626547446546295
0.544002564282123,1,3,-0.2090431726379939
0.4142279011749508,0,3,-0.21045524556398176
0.5742781468605775,1,2,-0.2152175170282507
0.09486092409019495,0,0,2.9168025935188355
0.11642746022793651,0,0,0.14950191478005556
0.6099030274205484,1,1,-0.24735109613863063
0.4795244523971374,0,3,-0.1656899315325762
0.15687618246628865,0,0,-0.1545334844296627
0.45497151327415214,0,3,-0.08213137879162095
0.07792455131461248,0,0,0.7527641761118682
0.3376766842130012,0,3,-0.09405204636892313
0.6843891552432402,1,3,-0.23295584627030513
0.6046901284975589,1,3,-0.23212112365183699
0.5903896351920496,1,3,-0.21428531345245352
0.3370185408090606,0,0,-0.17570670809976657
0.706501103417794,1,1,-0.25550258226886624
0.3728297775459865,0,2,-0.176400054800781
0.13755683492664939,0,0,-0.10966694030060287
0.4516736806327133,0,2,-0.21073946425966955
0.48694109385084466,0,3,-0.15136873804173415
0.5148857619470836,1,3,-0.23262025345849602
0.35568649102250527,0,3,-0.20853543910905006
0.07794999962359793,0,0,1.052119904006873
0.5618881267996507,1,3,-0.2206647025127583
0.4775350718601112,0,3,-0.2276153560590303
0.6003769804449228,1,3,-0.22553458166182494
0.07794999962359793,0,0,4.713418874043215
0.13532837511798718,0,0,-0.023238831604586715
0.48710111734029093,0,3,-0.19971820574643537
0.12910543454487644,0,0,-0.15876110251104167
0.1592644155018042,0,0,0.5984887412291243
0.512274442488581,1,3,-0.20487583978876928
0.4660173910868306,0,3,-0.19987693288732458
0.46277000764871234,0,0,0.5078772811730182
0.5881755642756497,1,3,-0.23205575202024156
0.2639725484627878,0,3,-0.11466098904323455
0.0838159015841265,0,0,0.25666480517310686
0.344024287081429,0,3,-0.17010601922636948
0.4069115081423605,0,3,-0.17443467151716657
0.14421866193938518,0,0,0.10390608889672123
0.2809878890058456,0,0,-0.06976608133868095
0.4863264268207574,0,3,-0.2191829478119034
0.10158128278182472,0,0,-0.04289154490649799
0.23941080950762897,0,2,-0.19897136734839763
0.5348901268437487,1,3,-0.229466916667437
0.23351254140043926,0,0,-0.14171409514629718
0.22643720260597242,0,2,-0.11540122805291249
0.15687618246628865,0,0,-0.16361145701740074
0.5502246515952811,1,2,-0.2294227818051751
0.13755683492664939,0,0,-0.08910553592441113
0.1519540511439528,0,0,-0.11301502480356143
0.13046356815587787,0,0,-0.10281925383652993
0.40315318151532814,0,3,-0.1468819589134343
0.26018021154507986,0,2,-0.15323186025337257
0.07851836097403006,0,0,0.6093319781879164
0.12040314410794217,0,0,-0.11309588830832905
0.6759622689100728,1,1,-0.19331010314541125
0.6083731298247436,1,1,-0.2437794656255054
0.4610392895291115,0,3,-0.13062790563827828
0.572208439809113,1,3,-0.23390371828945927
0.44809140561554067,0,3,-0.17574534206302375
0.4205546914189104,0,3,-0.16885201535328764
0.1946425988399665,0,0,0.08826623161960159
0.1203621354903785,0,0,0.26331488346368986
0.5678392863789966,1,2,-0.24114987520539974
